{
  "header": {
    "datasetId": "5df784978a19d218a88b1f34",
    "imsOrgId": "907075E95BF479EC0A495C73@AdobeOrg",
    "source": {
      "name": "Alexa"
    },
    "schemaRef": {
      "id": "https://ns.adobe.com/experienceplatform/schemas/a9e2bc6e0aa3cec0658cb813694e3be6",
      "contentType": "application/vnd.adobe.xed-full+json;version=1"
    }
  },
  "body": {
    "xdmMeta": {
      "schemaRef": {
        "id": "https://ns.adobe.com/experienceplatform/schemas/a9e2bc6e0aa3cec0658cb813694e3be6",
        "contentType": "application/vnd.adobe.xed-full+json;version=1"
      }
    },
    "xdmEntity": {
      "_id": "{%%uniqueTimeStamp%%}",
      "timestamp": "{%%formattedDate%%}:00Z",
      "eventType": "Alexa",
      "productListItems": [{"SKU": "{%%productName%%}"}],
      "_experienceplatform": {
        "productData": {
          "productUrl": "{%%productImageUrl%%}",
          "productName": "{%%productName%%}",
          "productInteraction": "{%%productInteraction%%}"
        },
        "identification": {
          "emailId": "{%%mcid%%}"
        },
        "brand": {
          "tms": "Launch"
        }
      }
    }
  }
}